<?xml version="1.0" encoding="UTF-8"?>
<!DOCTYPE mapper PUBLIC "-//mybatis.org//DTD Mapper 3.0//EN" "http://mybatis.org/dtd/mybatis-3-mapper.dtd">
<mapper namespace="com.cn.zjq.mapper.write.OrderWriteMapper">
  <delete id="deleteByPrimaryKey" parameterType="java.lang.Integer">
    delete from t_orders
    where id = #{id,jdbcType=INTEGER}
  </delete>
  <insert id="insert" parameterType="com.zjq.common.domain.order.Order">
    insert into t_orders (id, user_id, order_number, 
      amount, create_time)
    values (#{id,jdbcType=INTEGER}, #{userId,jdbcType=INTEGER}, #{orderNumber,jdbcType=VARCHAR}, 
      #{amount,jdbcType=DECIMAL}, #{createTime,jdbcType=TIMESTAMP})
  </insert>
  <insert id="insertSelective" parameterType="com.zjq.common.domain.order.Order">
    insert into t_orders
    <trim prefix="(" suffix=")" suffixOverrides=",">
      <if test="id != null">
        id,
      </if>
      <if test="userId != null">
        user_id,
      </if>
      <if test="orderNumber != null">
        order_number,
      </if>
      <if test="amount != null">
        amount,
      </if>
      <if test="createTime != null">
        create_time,
      </if>
    </trim>
    <trim prefix="values (" suffix=")" suffixOverrides=",">
      <if test="id != null">
        #{id,jdbcType=INTEGER},
      </if>
      <if test="userId != null">
        #{userId,jdbcType=INTEGER},
      </if>
      <if test="orderNumber != null">
        #{orderNumber,jdbcType=VARCHAR},
      </if>
      <if test="amount != null">
        #{amount,jdbcType=DECIMAL},
      </if>
      <if test="createTime != null">
        #{createTime,jdbcType=TIMESTAMP},
      </if>
    </trim>
  </insert>
  <update id="updateByPrimaryKeySelective" parameterType="com.zjq.common.domain.order.Order">
    update t_orders
    <set>
      <if test="userId != null">
        user_id = #{userId,jdbcType=INTEGER},
      </if>
      <if test="orderNumber != null">
        order_number = #{orderNumber,jdbcType=VARCHAR},
      </if>
      <if test="amount != null">
        amount = #{amount,jdbcType=DECIMAL},
      </if>
      <if test="createTime != null">
        create_time = #{createTime,jdbcType=TIMESTAMP},
      </if>
    </set>
    where id = #{id,jdbcType=INTEGER}
  </update>
  <update id="updateByPrimaryKey" parameterType="com.zjq.common.domain.order.Order">
    update t_orders
    set user_id = #{userId,jdbcType=INTEGER},
      order_number = #{orderNumber,jdbcType=VARCHAR},
      amount = #{amount,jdbcType=DECIMAL},
      create_time = #{createTime,jdbcType=TIMESTAMP}
    where id = #{id,jdbcType=INTEGER}
  </update>
</mapper>