<?xml version="1.0" encoding="UTF-8" ?>
<!DOCTYPE mapper PUBLIC "-//mybatis.org//DTD Mapper 3.0//EN" "http://mybatis.org/dtd/mybatis-3-mapper.dtd" >
<mapper namespace="com.cn.zjq.mapper.write.QuestionWriteMapper" >
  <delete id="deleteByPrimaryKey" parameterType="com.zjq.common.domain.order.Question" >
    update system_question
    set deleted = 1,
    version = version+1,
    last_modified_dtm = #{lastModifiedDtm,jdbcType=TIMESTAMP},
    last_modified_by = #{lastModifiedBy,jdbcType=INTEGER}
    where id = #{id,jdbcType=INTEGER}
  </delete>
  
  <insert databaseId="mysql" id="insertSelective" parameterType="com.zjq.common.domain.order.Question" >
  	<selectKey keyProperty="id" order="AFTER"  
            resultType="java.lang.Integer">  
            SELECT LAST_INSERT_ID()  
    </selectKey>  
    insert into system_question
    <trim prefix="(" suffix=")" suffixOverrides="," >
      <if test="id != null" >
        id,
      </if>
      <if test="code != null" >
        code,
      </if>
      <if test="type != null" >
        type,
      </if>
      <if test="subjectDesc != null" >
        subject_desc,
      </if>
      <if test="inputDesc != null" >
        input_desc,
      </if>
      <if test="correctResponse != null" >
        correct_response,
      </if>
      <if test="correctNumberStart != null" >
        correct_number_start,
      </if>
      <if test="correctNumberEnd != null" >
        correct_number_end,
      </if>             
      <if test="inputForException != null" >
        input_for_exception,
      </if>
      <if test="parentAnswerCode != null" >
        parent_answer_code,
      </if>
      <if test="viewName != null" >
        view_name,
      </if>
      <if test="columnForDisplay != null" >
        column_for_display,
      </if>
      <if test="columnForValue != null" >
        column_for_value,
      </if>
      <if test="whereClause != null" >
        where_clause,
      </if>
      <if test="version != null" >
        version,
      </if>
      <if test="createdDtm != null" >
        created_dtm,
      </if>
      <if test="createdBy != null" >
        created_by,
      </if>
      <if test="lastModifiedDtm != null" >
        last_modified_dtm,
      </if>
      <if test="lastModifiedBy != null" >
        last_modified_by,
      </if>
      <if test="deleted != null" >
        deleted,
      </if>
      <if test="point != null" >
        point,
      </if>
      <if test="subject != null" >
        subject,
      </if>
      <if test="status != null" >
        status,
      </if>
      
    </trim>
    <trim prefix="values (" suffix=")" suffixOverrides="," >
      <if test="id != null" >
        #{id,jdbcType=INTEGER},
      </if>
      <if test="code != null" >
        #{code,jdbcType=VARCHAR},
      </if>
      <if test="type != null" >
        #{type,jdbcType=VARCHAR},
      </if>
      <if test="subjectDesc != null" >
        #{subjectDesc,jdbcType=VARCHAR},
      </if>
      <if test="inputDesc != null" >
        #{inputDesc,jdbcType=VARCHAR},
      </if>
      <if test="correctResponse != null" >
        #{correctResponse,jdbcType=VARCHAR},
      </if>
      <if test="correctNumberStart != null" >
        #{correctNumberStart,jdbcType=DECIMAL},
      </if>
      <if test="correctNumberEnd != null" >
        #{correctNumberEnd,jdbcType=DECIMAL},
      </if>
      <if test="inputForException != null" >
        #{inputForException,jdbcType=VARCHAR},
      </if>
      <if test="parentAnswerCode != null" >
        #{parentAnswerCode,jdbcType=VARCHAR},
      </if>
      <if test="viewName != null" >
        #{viewName,jdbcType=VARCHAR},
      </if>
      <if test="columnForDisplay != null" >
        #{columnForDisplay,jdbcType=VARCHAR},
      </if>
      <if test="columnForValue != null" >
        #{columnForValue,jdbcType=VARCHAR},
      </if>
      <if test="whereClause != null" >
        #{whereClause,jdbcType=VARCHAR},
      </if>
      <if test="version != null" >
        #{version,jdbcType=INTEGER},
      </if>
      <if test="createdDtm != null" >
        #{createdDtm,jdbcType=TIMESTAMP},
      </if>
      <if test="createdBy != null" >
        #{createdBy,jdbcType=INTEGER},
      </if>
      <if test="lastModifiedDtm != null" >
        #{lastModifiedDtm,jdbcType=TIMESTAMP},
      </if>
      <if test="lastModifiedBy != null" >
        #{lastModifiedBy,jdbcType=INTEGER},
      </if>
      <if test="deleted != null" >
        #{deleted,jdbcType=BIT},
      </if>
      <if test="point != null" >
        #{point,jdbcType=DECIMAL},
      </if>
      <if test="subject != null" >
        #{subject,jdbcType=LONGVARCHAR},
      </if>
      <if test="status != null" >
        #{status,jdbcType=VARCHAR},
      </if>
    </trim>
  </insert>
  
   <insert databaseId="oracle" id="insertSelective" parameterType="com.zjq.common.domain.order.Question" >
  <selectKey resultType="java.lang.Integer" keyProperty="id" order="BEFORE" >
      SELECT s_system_question.NextVal FROM DUAL
    </selectKey>
    insert into system_question
    <trim prefix="(" suffix=")" suffixOverrides="," >
        id,
      <if test="code != null" >
        code,
      </if>
      <if test="type != null" >
        type,
      </if>
      <if test="subjectDesc != null" >
        subject_desc,
      </if>
      <if test="inputDesc != null" >
        input_desc,
      </if>
      <if test="correctResponse != null" >
        correct_response,
      </if>
      <if test="correctNumberStart != null" >
        correct_number_start,
      </if>
      <if test="correctNumberEnd != null" >
        correct_number_end,
      </if>             
      <if test="inputForException != null" >
        input_for_exception,
      </if>
      <if test="parentAnswerCode != null" >
        parent_answer_code,
      </if>
      <if test="viewName != null" >
        view_name,
      </if>
      <if test="columnForDisplay != null" >
        column_for_display,
      </if>
      <if test="columnForValue != null" >
        column_for_value,
      </if>
      <if test="whereClause != null" >
        where_clause,
      </if>
      <if test="version != null" >
        version,
      </if>
      <if test="createdDtm != null" >
        created_dtm,
      </if>
      <if test="createdBy != null" >
        created_by,
      </if>
      <if test="lastModifiedDtm != null" >
        last_modified_dtm,
      </if>
      <if test="lastModifiedBy != null" >
        last_modified_by,
      </if>
      <if test="deleted != null" >
        deleted,
      </if>
      <if test="point != null" >
        point,
      </if>
      <if test="subject != null" >
        subject,
      </if>
      <if test="status != null" >
        status,
      </if>
    </trim>
    <trim prefix="values (" suffix=")" suffixOverrides="," >
        #{id,jdbcType=INTEGER},
      <if test="code != null" >
        #{code,jdbcType=VARCHAR},
      </if>
      <if test="type != null" >
        #{type,jdbcType=VARCHAR},
      </if>
      <if test="subjectDesc != null" >
        #{subjectDesc,jdbcType=VARCHAR},
      </if>
      <if test="inputDesc != null" >
        #{inputDesc,jdbcType=VARCHAR},
      </if>
      <if test="correctResponse != null" >
        #{correctResponse,jdbcType=VARCHAR},
      </if>
      <if test="correctNumberStart != null" >
        #{correctNumberStart,jdbcType=DECIMAL},
      </if>
      <if test="correctNumberEnd != null" >
        #{correctNumberEnd,jdbcType=DECIMAL},
      </if>
      <if test="inputForException != null" >
        #{inputForException,jdbcType=VARCHAR},
      </if>
      <if test="parentAnswerCode != null" >
        #{parentAnswerCode,jdbcType=VARCHAR},
      </if>
      <if test="viewName != null" >
        #{viewName,jdbcType=VARCHAR},
      </if>
      <if test="columnForDisplay != null" >
        #{columnForDisplay,jdbcType=VARCHAR},
      </if>
      <if test="columnForValue != null" >
        #{columnForValue,jdbcType=VARCHAR},
      </if>
      <if test="whereClause != null" >
        #{whereClause,jdbcType=VARCHAR},
      </if>
      <if test="version != null" >
        #{version,jdbcType=INTEGER},
      </if>
      <if test="createdDtm != null" >
        #{createdDtm,jdbcType=TIMESTAMP},
      </if>
      <if test="createdBy != null" >
        #{createdBy,jdbcType=INTEGER},
      </if>
      <if test="lastModifiedDtm != null" >
        #{lastModifiedDtm,jdbcType=TIMESTAMP},
      </if>
      <if test="lastModifiedBy != null" >
        #{lastModifiedBy,jdbcType=INTEGER},
      </if>
      <if test="deleted != null" >
        #{deleted,jdbcType=BIT},
      </if>
      <if test="point != null" >
        #{point,jdbcType=DECIMAL},
      </if>
      <if test="subject != null" >
        #{subject,jdbcType=LONGVARCHAR},
      </if>
      <if test="status != null" >
        #{status,jdbcType=VARCHAR},
      </if>
    </trim>
  </insert>
  
  <update id="updateByPrimaryKeySelective" parameterType="com.zjq.common.domain.order.Question" >
    update system_question
    <set >
      <if test="code != null" >
        code = #{code,jdbcType=VARCHAR},
      </if>
      <if test="type != null" >
        type = #{type,jdbcType=VARCHAR},
      </if>
      <if test="subjectDesc != null" >
        subject_desc = #{subjectDesc,jdbcType=VARCHAR},
      </if>
      <if test="inputDesc != null" >
        input_desc = #{inputDesc,jdbcType=VARCHAR},
      </if>
      <if test="correctResponse != null" >
        correct_response = #{correctResponse,jdbcType=VARCHAR},
      </if>
      correct_number_start = #{correctNumberStart,jdbcType=DECIMAL},
      correct_number_end = #{correctNumberEnd,jdbcType=DECIMAL},
      <if test="inputForException != null" >
        input_for_exception = #{inputForException,jdbcType=VARCHAR},
      </if>
      <if test="parentAnswerCode != null" >
        parent_answer_code = #{parentAnswerCode,jdbcType=VARCHAR},
      </if>
      <if test="viewName != null" >
        view_name = #{viewName,jdbcType=VARCHAR},
      </if>
      <if test="columnForDisplay != null" >
        column_for_display = #{columnForDisplay,jdbcType=VARCHAR},
      </if>
      <if test="columnForValue != null" >
        column_for_value = #{columnForValue,jdbcType=VARCHAR},
      </if>
      <if test="whereClause != null" >
        where_clause = #{whereClause,jdbcType=VARCHAR},
      </if>
      version = version + 1,
      <if test="lastModifiedDtm != null" >
        last_modified_dtm = #{lastModifiedDtm,jdbcType=TIMESTAMP},
      </if>
      <if test="lastModifiedBy != null" >
        last_modified_by = #{lastModifiedBy,jdbcType=INTEGER},
      </if>
      <if test="deleted != null" >
        deleted = #{deleted,jdbcType=BIT},
      </if>
      <if test="point != null" >
        point = #{point,jdbcType=DECIMAL},
      </if>
      <if test="subject != null" >
        subject = #{subject,jdbcType=LONGVARCHAR},
      </if>
      <if test="status != null" >
        status = #{status,jdbcType=VARCHAR},
      </if>
    </set>
    where id = #{id,jdbcType=INTEGER}
  </update>
  
  <update id="updateCorrectResponseById" parameterType="java.util.Map" >
    update system_question set
    	correct_response = #{optionalAnswerId,jdbcType=VARCHAR}
    where id = #{id,jdbcType=INTEGER}
  </update>

</mapper>
