<?xml version="1.0" encoding="UTF-8"?>
<!DOCTYPE mapper PUBLIC "-//mybatis.org//DTD Mapper 3.0//EN" "http://mybatis.org/dtd/mybatis-3-mapper.dtd">
<mapper namespace="com.cn.zjq.mapper.read.OrderReadMapper">
  <resultMap id="BaseResultMap" type="com.zjq.common.domain.order.Order">
    <id column="id" jdbcType="INTEGER" property="id" />
    <result column="user_id" jdbcType="INTEGER" property="userId" />
    <result column="order_number" jdbcType="VARCHAR" property="orderNumber" />
    <result column="amount" jdbcType="DECIMAL" property="amount" />
    <result column="create_time" jdbcType="TIMESTAMP" property="createTime" />
  </resultMap>
  <sql id="Base_Column_List">
    id, user_id, order_number, amount, create_time
  </sql>
  <select id="selectByPrimaryKey" parameterType="java.lang.Integer" resultMap="BaseResultMap">
    select 
    <include refid="Base_Column_List" />
    from t_orders
    where id = #{id,jdbcType=INTEGER}
  </select>
  
</mapper>